date,time,command,session_id
2026-03-19,21:53:53,galaxy-gate,c924ce2d-6f8b-4d33-8dbf-43e2175efb2d
2026-03-20,08:34:08,session-exit,c924ce2d-6f8b-4d33-8dbf-43e2175efb2d
2026-03-20,08:48:37,catchup,c924ce2d-6f8b-4d33-8dbf-43e2175efb2d
2026-03-20,08:59:51,catchup,c924ce2d-6f8b-4d33-8dbf-43e2175efb2d
2026-03-20,09:21:40,session-exit,c924ce2d-6f8b-4d33-8dbf-43e2175efb2d
2026-03-20,09:58:20,checkpoint,c924ce2d-6f8b-4d33-8dbf-43e2175efb2d
2026-03-20,10:28:56,catchup,1ed3dbeb-6989-4c9c-89bf-237cfdf39353
2026-03-20,11:42:40,session-exit,1ed3dbeb-6989-4c9c-89bf-237cfdf39353
2026-03-20,11:46:24,catchup,1ed3dbeb-6989-4c9c-89bf-237cfdf39353
2026-03-20,18:07:51,helix-project-init,1ed3dbeb-6989-4c9c-89bf-237cfdf39353
2026-03-20,18:39:21,session-exit,1ed3dbeb-6989-4c9c-89bf-237cfdf39353
2026-03-20,19:45:35,catchup,1ed3dbeb-6989-4c9c-89bf-237cfdf39353
2026-03-20,20:10:08,checkpoint,1ed3dbeb-6989-4c9c-89bf-237cfdf39353
2026-03-20,20:11:21,catchup,b81a3899-a0c6-4173-a6b9-bc4239f4418e
2026-03-20,21:41:14,session-exit,b81a3899-a0c6-4173-a6b9-bc4239f4418e
2026-03-21,19:51:33,catchup,b81a3899-a0c6-4173-a6b9-bc4239f4418e
2026-03-21,21:28:40,session-exit,b81a3899-a0c6-4173-a6b9-bc4239f4418e
2026-03-21,22:06:33,session-exit,b81a3899-a0c6-4173-a6b9-bc4239f4418e
2026-03-21,22:24:06,checkpoint,b81a3899-a0c6-4173-a6b9-bc4239f4418e
2026-03-23,20:07:54,catchup,a76d6a36-b045-4fd2-b162-d6b81d661d1d
2026-03-23,22:27:26,catchup,a76d6a36-b045-4fd2-b162-d6b81d661d1d
2026-03-23,22:47:24,checkpoint,a76d6a36-b045-4fd2-b162-d6b81d661d1d
2026-03-24,21:49:55,session-exit,a5de8d5d-3bc3-492c-97ed-9b43a13a144c
2026-03-24,22:00:42,skill-from-research,a5de8d5d-3bc3-492c-97ed-9b43a13a144c
2026-03-24,22:04:44,checkpoint,a5de8d5d-3bc3-492c-97ed-9b43a13a144c
2026-03-24,22:07:54,catchup,65acd9f6-1cb8-4c84-8f62-cbe261cc2f66
2026-03-24,22:49:37,session-exit,65acd9f6-1cb8-4c84-8f62-cbe261cc2f66
2026-03-25,13:35:48,catchup,65acd9f6-1cb8-4c84-8f62-cbe261cc2f66
2026-03-25,14:48:54,checkpoint,65acd9f6-1cb8-4c84-8f62-cbe261cc2f66
2026-03-25,17:46:35,checkpoint,65acd9f6-1cb8-4c84-8f62-cbe261cc2f66
2026-03-25,17:56:19,catchup,20c155f7-b68b-4482-9625-f35264b73c13
2026-03-25,19:14:15,checkpoint,20c155f7-b68b-4482-9625-f35264b73c13
2026-03-25,19:59:34,catchup,20c155f7-b68b-4482-9625-f35264b73c13
2026-03-25,20:34:45,checkpoint,20c155f7-b68b-4482-9625-f35264b73c13
2026-03-25,21:57:51,checkpoint,20c155f7-b68b-4482-9625-f35264b73c13
2026-03-26,19:22:03,research-to-skill,68782670-a454-4a08-aed0-504659f5f531
2026-03-26,19:33:00,checkpoint,68782670-a454-4a08-aed0-504659f5f531
2026-03-26,19:36:42,catchup,92f634b0-2300-44ef-8b97-3f6106d9acff
2026-03-26,21:41:56,research,92f634b0-2300-44ef-8b97-3f6106d9acff
2026-03-26,22:29:27,session-exit,92f634b0-2300-44ef-8b97-3f6106d9acff
2026-03-27,06:21:10,catchup,21558c9d-5a1e-4dca-b817-308a1faf3a0f
2026-04-09,17:38:31,session-exit,OTHER,02c98f1b-b4a8-4c69-9bf8-daad5d353b87
2026-04-09,17:42:36,catchup,CHECK,8c6b7f61-f4ea-4fdd-910a-80ca0ee4b49f
2026-04-09,20:46:33,session-exit,OTHER,8c6b7f61-f4ea-4fdd-910a-80ca0ee4b49f
2026-04-09,20:49:17,catchup,CHECK,2cc96f04-ce09-4390-90c4-f269b893913b
2026-04-09,22:22:28,session-exit,OTHER,2cc96f04-ce09-4390-90c4-f269b893913b
2026-04-10,17:02:55,session-exit,OTHER,2cc96f04-ce09-4390-90c4-f269b893913b
2026-04-11,05:55:26,session-exit,OTHER,b8c7b521-f629-4058-93b2-79809b9363a7
2026-04-11,06:08:25,helix-concept-generate,OTHER,6cd97ae7-4ac8-4338-a699-0cde4281702f
2026-04-11,15:03:58,helix-concept-generate,OTHER,6cd97ae7-4ac8-4338-a699-0cde4281702f
2026-04-11,16:07:45,helix-task-clarify,OTHER,6cd97ae7-4ac8-4338-a699-0cde4281702f
2026-04-11,16:15:40,catchup,CHECK,cf487b8a-e654-4e25-96ca-316d0fec39eb
2026-04-12,13:06:49,session-exit,OTHER,cf487b8a-e654-4e25-96ca-316d0fec39eb
2026-04-12,16:28:51,session-exit,OTHER,79403515-f3d3-41a3-be51-e53d74ed8195
2026-04-14,15:07:25,session-exit,OTHER,6c5effc7-d11c-4116-8aeb-5386f6f8fbe7
2026-04-14,16:33:47,catchup,CHECK,f98cfb1e-a8ef-4062-b82d-dce1de8ae8ba
2026-04-14,18:31:21,checkpoint,OTHER,f98cfb1e-a8ef-4062-b82d-dce1de8ae8ba
2026-04-14,18:43:16,session-exit,OTHER,f98cfb1e-a8ef-4062-b82d-dce1de8ae8ba
2026-04-15,09:52:26,ops,OTHER,466ccb73-4f6e-44a7-81f0-382f82d93f37
2026-04-15,21:47:52,session-exit,OTHER,466ccb73-4f6e-44a7-81f0-382f82d93f37
2026-04-15,22:01:47,helix-task-clarify,OTHER,46b18c86-fcf7-4f6d-9022-0ac2ca6154a3
2026-04-16,16:02:24,session-exit,OTHER,46b18c86-fcf7-4f6d-9022-0ac2ca6154a3
2026-04-16,16:02:40,checkpoint,OTHER,25f4c81d-63ed-446f-b898-318cc712e6d5
2026-04-17,06:42:33,catchup,CHECK,f9441909-979e-4ec6-b6e7-ab416ce14932
2026-04-17,10:23:10,checkpoint,OTHER,25f4c81d-63ed-446f-b898-318cc712e6d5
2026-04-19,10:14:11,checkpoint,OTHER,25f4c81d-63ed-446f-b898-318cc712e6d5
2026-04-19,11:40:14,reverse-engineering,OTHER,f189b62c-e6ec-4ad6-a856-cc2bc9b786af
2026-04-20,10:23:21,session-exit,OTHER,f189b62c-e6ec-4ad6-a856-cc2bc9b786af
2026-04-20,10:26:09,catchup,CHECK,e7ee79fa-adbb-4162-8b11-0247699b27e6
2026-04-20,12:10:50,checkpoint,OTHER,e7ee79fa-adbb-4162-8b11-0247699b27e6
2026-04-22,09:55:34,catchup,CHECK,9109b1ba-9bca-40a2-b5ec-799b6ecb9f10
2026-04-22,11:07:30,reverse-engineering,OTHER,ac965031-201f-49cf-8bbf-39573887dae6
2026-04-22,14:49:01,research,THINK,985137cd-9695-401f-ad43-66045279d0a6
2026-04-22,15:12:58,catchup,CHECK,7d1bf6da-9b06-4893-ab8e-57de8b2488ec
2026-04-23,07:15:26,catchup,CHECK,7d1bf6da-9b06-4893-ab8e-57de8b2488ec
2026-04-23,07:15:35,checkpoint,OTHER,7d1bf6da-9b06-4893-ab8e-57de8b2488ec
